{
	"type": "dark",
	"colors": {
		"focusBorder": "#3c4250",
		"foreground": "#4d5566",
		"widget.shadow": "#00010a",
		"selection.background": "#273747fd",
		"icon.foreground": "#4d5566",
		"errorForeground": "#ff3333",
		"descriptionForeground": "#4d5566",
		"textBlockQuote.background": "#0d1016",
		"textLink.foreground": "#e6b450",
		"textLink.activeForeground": "#e6b450",
		"textPreformat.foreground": "#b3b1ad",
		"button.background": "#e6b450",
		"button.foreground": "#0A0B11",
		"button.hoverBackground": "#e1af4b",
		"dropdown.background": "#0d1016",
		"dropdown.foreground": "#4d5566",
		"dropdown.border": "#2b303a",
		"input.background": "#030810",
		"input.border": "#2b303a",
		"input.foreground": "#b3b1ad",
		"input.placeholderForeground": "#414856",
		"inputOption.activeBorder": "#e6b450",
		"inputValidation.errorBackground": "#0A0B11",
		"inputValidation.errorBorder": "#ff3333",
		"inputValidation.infoBackground": "#0A0B11",
		"inputValidation.infoBorder": "#39bae6",
		"inputValidation.warningBackground": "#0A0B11",
		"inputValidation.warningBorder": "#ffb454",
		"scrollbar.shadow": "#00010a",
		"scrollbarSlider.background": "#4d556666",
		"scrollbarSlider.hoverBackground": "#4d556699",
		"scrollbarSlider.activeBackground": "#4d5566b3",
		"badge.background": "#e6b45033",
		"badge.foreground": "#e6b450",
		"progressBar.background": "#e6b450",
		"list.activeSelectionBackground": "#00010a",
		"list.activeSelectionForeground": "#4d5566",
		"list.focusBackground": "#00010a",
		"list.focusForeground": "#4d5566",
		"list.highlightForeground": "#e6b450",
		"list.hoverBackground": "#00010a",
		"list.hoverForeground": "#4d5566",
		"list.inactiveSelectionBackground": "#00010a",
		"list.inactiveSelectionForeground": "#4d5566",
		"list.invalidItemForeground": "#414856",
		"list.errorForeground": "#d96c75",
		"tree.indentGuidesStroke": "#4d5566b3",
		"listFilterWidget.background": "#0d1016",
		"listFilterWidget.outline": "#e6b450",
		"listFilterWidget.noMatchesOutline": "#ff3333",
		"list.filterMatchBorder": "#e6b450",
		"list.filterMatchBackground": "#e6b4500d",
		"activityBar.background": "#0A0B11",
		"activityBar.foreground": "#4d5566cc",
		"activityBar.inactiveForeground": "#4d556699",
		"activityBar.border": "#0A0B11",
		"activityBarBadge.background": "#e6b450",
		"activityBarBadge.foreground": "#0A0B11",
		"sideBar.background": "#0A0B11",
		"sideBar.border": "#0A0B11",
		"sideBarTitle.foreground": "#4d5566",
		"sideBarSectionHeader.background": "#0A0B11",
		"sideBarSectionHeader.foreground": "#4d5566",
		"sideBarSectionHeader.border": "#0A0B11",
		"editorGroup.border": "#00010a",
		"editorGroup.background": "#0d1016",
		"editorGroupHeader.noTabsBackground": "#0A0B11",
		"editorGroupHeader.tabsBackground": "#0A0B11",
		"editorGroupHeader.tabsBorder": "#0A0B11",
		"tab.activeBackground": "#0A0B11",
		"tab.activeForeground": "#b3b1ad",
		"tab.border": "#0A0B11",
		"tab.activeBorder": "#e6b450",
		"tab.unfocusedActiveBorder": "#4d5566",
		"tab.inactiveBackground": "#0A0B11",
		"tab.inactiveForeground": "#4d5566",
		"tab.unfocusedActiveForeground": "#4d5566",
		"tab.unfocusedInactiveForeground": "#4d5566",
		"editor.background": "#0A0B11",
		"editor.foreground": "#b3b1ad",
		"editorLineNumber.foreground": "#4d556699",
		"editorLineNumber.activeForeground": "#4d5566e6",
		"editorCursor.foreground": "#e6b450",
		"editor.selectionBackground": "#273747",
		"editor.inactiveSelectionBackground": "#1b2733",
		"editor.selectionHighlightBackground": "#1b2733",
		"editor.selectionHighlightBorder": "#304357",
		"editor.wordHighlightBackground": "#6994bf12",
		"editor.wordHighlightBorder": "#6994bf80",
		"editor.wordHighlightStrongBackground": "#91b36212",
		"editor.wordHighlightStrongBorder": "#91b36280",
		"editor.findMatchBackground": "#e6b4500d",
		"editor.findMatchBorder": "#e6b450",
		"editor.findMatchHighlightBackground": "#e6b4500d",
		"editor.findMatchHighlightBorder": "#e6b45059",
		"editor.findRangeHighlightBackground": "#1b2733",
		"editor.findRangeHighlightBorder": "#0A0B1100",
		"editor.lineHighlightBackground": "#00010a",
		"editorLink.activeForeground": "#e6b450",
		"editor.rangeHighlightBackground": "#00010a",
		"editorWhitespace.foreground": "#4d556699",
		"editorIndentGuide.background": "#4d556666",
		"editorIndentGuide.activeBackground": "#4d5566b3",
		"editorRuler.foreground": "#4d556666",
		"editorCodeLens.foreground": "#626a73",
		"editorBracketMatch.background": "#4d55664d",
		"editorBracketMatch.border": "#4d556699",
		"editorOverviewRuler.border": "#00010a",
		"editorOverviewRuler.modifiedForeground": "#6994bf99",
		"editorOverviewRuler.addedForeground": "#91b36299",
		"editorOverviewRuler.deletedForeground": "#d96c7599",
		"editorOverviewRuler.errorForeground": "#ff3333",
		"editorOverviewRuler.warningForeground": "#e6b450",
		"editorError.foreground": "#ff3333",
		"editorWarning.foreground": "#e6b450",
		"editorGutter.modifiedBackground": "#6994bf99",
		"editorGutter.addedBackground": "#91b36299",
		"editorGutter.deletedBackground": "#d96c7599",
		"diffEditor.insertedTextBackground": "#c2d94c26",
		"diffEditor.removedTextBackground": "#f2966826",
		"editorWidget.background": "#0d1016",
		"editorSuggestWidget.background": "#0d1016",
		"editorSuggestWidget.border": "#000000",
		"editorSuggestWidget.highlightForeground": "#e6b450",
		"editorSuggestWidget.selectedBackground": "#00010a",
		"editorHoverWidget.background": "#0d1016",
		"editorHoverWidget.border": "#000000",
		"debugExceptionWidget.border": "#00010a",
		"debugExceptionWidget.background": "#0d1016",
		"editorMarkerNavigation.background": "#0d1016",
		"peekView.border": "#00010a",
		"peekViewEditor.background": "#0d1016",
		"peekViewEditor.matchHighlightBackground": "#e6b45033",
		"peekViewResult.background": "#0d1016",
		"peekViewResult.fileForeground": "#4d5566",
		"peekViewResult.matchHighlightBackground": "#e6b45033",
		"peekViewTitle.background": "#0d1016",
		"peekViewTitleDescription.foreground": "#4d5566",
		"peekViewTitleLabel.foreground": "#4d5566",
		"panel.background": "#0A0B11",
		"panel.border": "#00010a",
		"panelTitle.activeBorder": "#e6b450",
		"panelTitle.activeForeground": "#b3b1ad",
		"panelTitle.inactiveForeground": "#4d5566",
		"statusBar.background": "#0A0B11",
		"statusBar.foreground": "#4d5566",
		"statusBar.border": "#0A0B11",
		"statusBar.debuggingBackground": "#f29668",
		"statusBar.debuggingForeground": "#0A0B11",
		"statusBar.noFolderBackground": "#0d1016",
		"statusBarItem.activeBackground": "#00010a",
		"statusBarItem.hoverBackground": "#00010a",
		"statusBarItem.prominentBackground": "#00010a",
		"statusBarItem.prominentHoverBackground": "#00000030",
		"titleBar.activeBackground": "#0A0B11",
		"titleBar.activeForeground": "#b3b1ad",
		"titleBar.inactiveBackground": "#0A0B11",
		"titleBar.inactiveForeground": "#4d5566",
		"titleBar.border": "#0A0B11",
		"extensionButton.prominentForeground": "#0A0B11",
		"extensionButton.prominentBackground": "#e6b450",
		"extensionButton.prominentHoverBackground": "#e1af4b",
		"pickerGroup.border": "#00010a",
		"pickerGroup.foreground": "#373d49",
		"debugToolBar.background": "#0d1016",
		"walkThrough.embeddedEditorBackground": "#0d1016",
		"gitDecoration.modifiedResourceForeground": "#6994bfb3",
		"gitDecoration.deletedResourceForeground": "#d96c75b3",
		"gitDecoration.untrackedResourceForeground": "#91b362b3",
		"gitDecoration.ignoredResourceForeground": "#373d49",
		"gitDecoration.conflictingResourceForeground": "",
		"gitDecoration.submoduleResourceForeground": "#ffee99b3",
		"settings.headerForeground": "#b3b1ad",
		"settings.modifiedItemIndicator": "#6994bf",
		"terminal.background": "#0A0B11",
		"terminal.foreground": "#b3b1ad",
		"terminal.ansiBlack": "#00010a",
		"terminal.ansiRed": "#ea6c73",
		"terminal.ansiGreen": "#91b362",
		"terminal.ansiYellow": "#f9af4f",
		"terminal.ansiBlue": "#53bdfa",
		"terminal.ansiMagenta": "#fae994",
		"terminal.ansiCyan": "#90e1c6",
		"terminal.ansiWhite": "#c7c7c7",
		"terminal.ansiBrightBlack": "#686868",
		"terminal.ansiBrightRed": "#f07178",
		"terminal.ansiBrightGreen": "#c2d94c",
		"terminal.ansiBrightYellow": "#ffb454",
		"terminal.ansiBrightBlue": "#59c2ff",
		"terminal.ansiBrightMagenta": "#ffee99",
		"terminal.ansiBrightCyan": "#95e6cb",
		"terminal.ansiBrightWhite": "#ffffff"
	},
	"tokenColors": [
		{
			"settings": {
				"background": "#0A0B11",
				"foreground": "#b3b1ad"
			}
		},
		{
			"name": "Comment",
			"scope": [
				"comment"
			],
			"settings": {
				"fontStyle": "italic",
				"foreground": "#626a73"
			}
		},
		{
			"name": "String",
			"scope": [
				"string",
				"constant.other.symbol"
			],
			"settings": {
				"foreground": "#c2d94c"
			}
		},
		{
			"name": "Regular Expressions and Escape Characters",
			"scope": [
				"string.regexp",
				"constant.character",
				"constant.other"
			],
			"settings": {
				"foreground": "#95e6cb"
			}
		},
		{
			"name": "Number",
			"scope": [
				"constant.numeric"
			],
			"settings": {
				"foreground": "#e6b450"
			}
		},
		{
			"name": "Built-in constants",
			"scope": [
				"constant.language"
			],
			"settings": {
				"foreground": "#e6b450"
			}
		},
		{
			"name": "Variable",
			"scope": [
				"variable"
			],
			"settings": {
				"foreground": "#b3b1ad"
			}
		},
		{
			"name": "Member Variable",
			"scope": [
				"variable.member"
			],
			"settings": {
				"foreground": "#f07178"
			}
		},
		{
			"name": "Language variable",
			"scope": [
				"variable.language"
			],
			"settings": {
				"fontStyle": "italic",
				"foreground": "#39bae6"
			}
		},
		{
			"name": "Storage",
			"scope": [
				"storage"
			],
			"settings": {
				"foreground": "#ff8f40"
			}
		},
		{
			"name": "Keyword",
			"scope": [
				"keyword"
			],
			"settings": {
				"foreground": "#ff8f40"
			}
		},
		{
			"name": "Operators",
			"scope": [
				"keyword.operator"
			],
			"settings": {
				"foreground": "#f29668"
			}
		},
		{
			"name": "Separators like ; or ,",
			"scope": [
				"punctuation.separator",
				"punctuation.terminator"
			],
			"settings": {
				"foreground": "#b3b1adb3"
			}
		},
		{
			"name": "Punctuation",
			"scope": [
				"punctuation.section"
			],
			"settings": {
				"foreground": "#b3b1ad"
			}
		},
		{
			"name": "Accessor",
			"scope": [
				"punctuation.accessor"
			],
			"settings": {
				"foreground": "#f29668"
			}
		},
		{
			"name": "Types fixes",
			"scope": [
				"source.java storage.type",
				"source.haskell storage.type",
				"source.c storage.type"
			],
			"settings": {
				"foreground": "#59c2ff"
			}
		},
		{
			"name": "Inherited class type",
			"scope": [
				"entity.other.inherited-class"
			],
			"settings": {
				"foreground": "#39bae6"
			}
		},
		{
			"name": "Lambda arrow",
			"scope": [
				"storage.type.function"
			],
			"settings": {
				"foreground": "#ff8f40"
			}
		},
		{
			"name": "Java primitive variable types",
			"scope": [
				"source.java storage.type.primitive"
			],
			"settings": {
				"foreground": "#39bae6"
			}
		},
		{
			"name": "Function name",
			"scope": [
				"entity.name.function"
			],
			"settings": {
				"foreground": "#ffb454"
			}
		},
		{
			"name": "Function arguments",
			"scope": [
				"variable.parameter",
				"meta.parameter"
			],
			"settings": {
				"foreground": "#ffee99"
			}
		},
		{
			"name": "Function call",
			"scope": [
				"variable.function",
				"variable.annotation",
				"meta.function-call.generic",
				"support.function.go"
			],
			"settings": {
				"foreground": "#ffb454"
			}
		},
		{
			"name": "Library function",
			"scope": [
				"support.function",
				"support.macro"
			],
			"settings": {
				"foreground": "#f07178"
			}
		},
		{
			"name": "Imports and packages",
			"scope": [
				"entity.name.import",
				"entity.name.package"
			],
			"settings": {
				"foreground": "#c2d94c"
			}
		},
		{
			"name": "Entity name",
			"scope": [
				"entity.name"
			],
			"settings": {
				"foreground": "#59c2ff"
			}
		},
		{
			"name": "Tag",
			"scope": [
				"entity.name.tag",
				"meta.tag.sgml"
			],
			"settings": {
				"foreground": "#39bae6"
			}
		},
		{
			"name": "Tag start/end",
			"scope": [
				"punctuation.definition.tag.end",
				"punctuation.definition.tag.begin",
				"punctuation.definition.tag"
			],
			"settings": {
				"foreground": "#39bae680"
			}
		},
		{
			"name": "Tag attribute",
			"scope": [
				"entity.other.attribute-name"
			],
			"settings": {
				"foreground": "#ffb454"
			}
		},
		{
			"name": "Library constant",
			"scope": [
				"support.constant"
			],
			"settings": {
				"fontStyle": "italic",
				"foreground": "#f29668"
			}
		},
		{
			"name": "Library class/type",
			"scope": [
				"support.type",
				"support.class",
				"source.go storage.type"
			],
			"settings": {
				"foreground": "#39bae6"
			}
		},
		{
			"name": "Decorators/annotation",
			"scope": [
				"meta.decorator variable.other",
				"meta.decorator punctuation.decorator",
				"storage.type.annotation"
			],
			"settings": {
				"foreground": "#e6b673"
			}
		},
		{
			"name": "Invalid",
			"scope": [
				"invalid"
			],
			"settings": {
				"foreground": "#ff3333"
			}
		},
		{
			"name": "diff.header",
			"scope": [
				"meta.diff",
				"meta.diff.header"
			],
			"settings": {
				"foreground": "#c594c5"
			}
		},
		{
			"name": "Ruby class methods",
			"scope": [
				"source.ruby variable.other.readwrite"
			],
			"settings": {
				"foreground": "#ffb454"
			}
		},
		{
			"name": "CSS tag names",
			"scope": [
				"source.css entity.name.tag",
				"source.sass entity.name.tag",
				"source.scss entity.name.tag",
				"source.less entity.name.tag",
				"source.stylus entity.name.tag"
			],
			"settings": {
				"foreground": "#59c2ff"
			}
		},
		{
			"name": "CSS browser prefix",
			"scope": [
				"source.css support.type",
				"source.sass support.type",
				"source.scss support.type",
				"source.less support.type",
				"source.stylus support.type"
			],
			"settings": {
				"foreground": "#626a73"
			}
		},
		{
			"name": "CSS Properties",
			"scope": [
				"support.type.property-name"
			],
			"settings": {
				"fontStyle": "normal",
				"foreground": "#39bae6"
			}
		},
		{
			"name": "Search Results Nums",
			"scope": [
				"constant.numeric.line-number.find-in-files - match"
			],
			"settings": {
				"foreground": "#626a73"
			}
		},
		{
			"name": "Search Results Match Nums",
			"scope": [
				"constant.numeric.line-number.match"
			],
			"settings": {
				"foreground": "#ff8f40"
			}
		},
		{
			"name": "Search Results Lines",
			"scope": [
				"entity.name.filename.find-in-files"
			],
			"settings": {
				"foreground": "#c2d94c"
			}
		},
		{
			"scope": [
				"message.error"
			],
			"settings": {
				"foreground": "#ff3333"
			}
		},
		{
			"name": "Markup heading",
			"scope": [
				"markup.heading",
				"markup.heading entity.name"
			],
			"settings": {
				"fontStyle": "bold",
				"foreground": "#c2d94c"
			}
		},
		{
			"name": "Markup links",
			"scope": [
				"markup.underline.link",
				"string.other.link"
			],
			"settings": {
				"foreground": "#39bae6"
			}
		},
		{
			"name": "Markup Italic",
			"scope": [
				"markup.italic"
			],
			"settings": {
				"fontStyle": "italic",
				"foreground": "#f07178"
			}
		},
		{
			"name": "Markup Bold",
			"scope": [
				"markup.bold"
			],
			"settings": {
				"fontStyle": "bold",
				"foreground": "#f07178"
			}
		},
		{
			"name": "Markup Bold/italic",
			"scope": [
				"markup.italic markup.bold",
				"markup.bold markup.italic"
			],
			"settings": {
				"fontStyle": "bold italic"
			}
		},
		{
			"name": "Markup Code",
			"scope": [
				"markup.raw"
			],
			"settings": {
				"background": "#b3b1ad05"
			}
		},
		{
			"name": "Markup Code Inline",
			"scope": [
				"markup.raw.inline"
			],
			"settings": {
				"background": "#b3b1ad0f"
			}
		},
		{
			"name": "Markdown Separator",
			"scope": [
				"meta.separator"
			],
			"settings": {
				"fontStyle": "bold",
				"background": "#b3b1ad0f",
				"foreground": "#626a73"
			}
		},
		{
			"name": "Markup Blockquote",
			"scope": [
				"markup.quote"
			],
			"settings": {
				"foreground": "#95e6cb",
				"fontStyle": "italic"
			}
		},
		{
			"name": "Markup List Bullet",
			"scope": [
				"markup.list punctuation.definition.list.begin"
			],
			"settings": {
				"foreground": "#ffb454"
			}
		},
		{
			"name": "Markup added",
			"scope": [
				"markup.inserted"
			],
			"settings": {
				"foreground": "#91b362"
			}
		},
		{
			"name": "Markup modified",
			"scope": [
				"markup.changed"
			],
			"settings": {
				"foreground": "#6994bf"
			}
		},
		{
			"name": "Markup removed",
			"scope": [
				"markup.deleted"
			],
			"settings": {
				"foreground": "#d96c75"
			}
		},
		{
			"name": "Markup Strike",
			"scope": [
				"markup.strike"
			],
			"settings": {
				"foreground": "#e6b673"
			}
		},
		{
			"name": "Markup Table",
			"scope": [
				"markup.table"
			],
			"settings": {
				"background": "#b3b1ad0f",
				"foreground": "#39bae6"
			}
		},
		{
			"name": "Markup Raw Inline",
			"scope": [
				"text.html.markdown markup.inline.raw"
			],
			"settings": {
				"foreground": "#f29668"
			}
		},
		{
			"name": "Markdown - Line Break",
			"scope": [
				"text.html.markdown meta.dummy.line-break"
			],
			"settings": {
				"background": "#626a73",
				"foreground": "#626a73"
			}
		},
		{
			"name": "Markdown - Raw Block Fenced",
			"scope": [
				"punctuation.definition.markdown"
			],
			"settings": {
				"background": "#b3b1ad",
				"foreground": "#626a73"
			}
		}
	]
}